{
    "total_supply": 10000000000.0,
    "balance": 9999992078.84388,
    "claimed_points": 2671.1561197689375,
    "burned_points": 6000.0,
    "fees_earned": 600.0,
    "my_points": 150.0
}